SNP,CLST, MAF,PARASIT
18502_23,CZLU,0,14.6
18502_23,DEDG,0,14.5
18502_23,DEMH,0,8.3
18502_23,DK,0,8.1
18502_23,EE,0,0
18502_23,ES,0,21.1
18502_23,FINE,0.05,0
18502_23,FINM,0.05,0
18502_23,FINW,0,0
18502_23,FR,0.05556,0
18502_23,HR,0,0
18502_23,IT,0,0
18502_23,LT,0,0
18502_23,MT,0.125,0
18502_23,NO,0,0
18502_23,PL,0,14.3
18502_23,RODD,0.07143,0
18502_23,ROLS,0.1875,5.8
18502_23,SK,0,0
18502_23,TR,0,0